date,open,high,low,close,volume
2025-09-09,7090.000,7090.000,7016.000,7062.000,191065
2025-09-10,7063.000,7079.000,7028.000,7065.000,171741
2025-09-11,7070.000,7104.000,7061.000,7081.000,166888
2025-09-12,7033.000,7060.000,7000.000,7020.000,190181
2025-09-15,7073.000,7116.000,7029.000,7087.000,218394
2025-09-16,7108.000,7194.000,7098.000,7158.000,232949
2025-09-17,7197.000,7208.000,7137.000,7152.000,119068
2025-09-18,7132.000,7156.000,7041.000,7074.000,190006
2025-09-19,7080.000,7086.000,6962.000,6992.000,264079
2025-09-22,6992.000,7008.000,6902.000,6928.000,253473
2025-09-23,6892.000,6908.000,6821.000,6870.000,234360
2025-09-24,6900.000,6957.000,6876.000,6928.000,245568
2025-09-25,6938.000,6983.000,6923.000,6958.000,192730
2025-09-26,6945.000,6966.000,6904.000,6949.000,208848
2025-09-29,6961.000,6977.000,6897.000,6932.000,176634
2025-09-30,6903.000,6911.000,6783.000,6835.000,213060
2025-10-09,6828.000,6840.000,6734.000,6818.000,181486
2025-10-10,6810.000,6838.000,6727.000,6743.000,175927
2025-10-13,6728.000,6763.000,6675.000,6690.000,224685
2025-10-14,6688.000,6688.000,6541.000,6544.000,219541
2025-10-15,6513.000,6579.000,6495.000,6540.000,212232
2025-10-16,6550.000,6606.000,6437.000,6600.000,291338
2025-10-17,6600.000,6600.000,6464.000,6483.000,223607
2025-10-20,6505.000,6568.000,6362.000,6365.000,266688
2025-10-21,6432.000,6523.000,6415.000,6463.000,220994
2025-10-22,6502.000,6567.000,6464.000,6566.000,194315
2025-10-23,6535.000,6627.000,6535.000,6574.000,204245
2025-10-24,6618.000,6630.000,6537.000,6539.000,248423
2025-10-27,6536.000,6579.000,6476.000,6531.000,309791
2025-10-28,6530.000,6540.000,6460.000,6466.000,243774
2025-10-29,6440.000,6520.000,6433.000,6513.000,255646
2025-10-30,6520.000,6554.000,6418.000,6421.000,316212
2025-10-31,6430.000,6517.000,6416.000,6471.000,286631
2025-11-03,6503.000,6536.000,6431.000,6446.000,329916
2025-11-04,6431.000,6456.000,6321.000,6354.000,515106
2025-11-05,6316.000,6341.000,6257.000,6321.000,389583
2025-11-06,6301.000,6321.000,6245.000,6300.000,273144
2025-11-07,6306.000,6372.000,6277.000,6317.000,319361
2025-11-10,6305.000,6348.000,6253.000,6315.000,293435
2025-11-11,6313.000,6334.000,6230.000,6231.000,239506
2025-11-12,6238.000,6316.000,6232.000,6306.000,285274
2025-11-13,6306.000,6443.000,6272.000,6437.000,489053
2025-11-14,6466.000,6516.000,6422.000,6450.000,367794
2025-11-17,6460.000,6547.000,6446.000,6496.000,362909
2025-11-18,6507.000,6526.000,6408.000,6465.000,263018
2025-11-19,6500.000,6600.000,6445.000,6583.000,302731
2025-11-20,6524.000,6640.000,6507.000,6595.000,388192
2025-11-21,6585.000,6617.000,6481.000,6507.000,371705
2025-11-24,6505.000,6505.000,6365.000,6436.000,469884
2025-11-25,6448.000,6484.000,6420.000,6446.000,285577
2025-11-26,6425.000,6558.000,6404.000,6533.000,402114
2025-11-27,6524.000,6582.000,6483.000,6520.000,373095
2025-11-28,6529.000,6577.000,6472.000,6566.000,290349
2025-12-01,6543.000,6566.000,6488.000,6549.000,270098
2025-12-02,6539.000,6589.000,6454.000,6564.000,396054
2025-12-03,6560.000,6635.000,6534.000,6585.000,407376
2025-12-04,6601.000,6650.000,6518.000,6574.000,338614
2025-12-05,6570.000,6610.000,6532.000,6556.000,246171
2025-12-08,6600.000,6676.000,6572.000,6669.000,373652
2025-12-09,6635.000,6647.000,6560.000,6576.000,290674
2025-12-10,6577.000,6595.000,6425.000,6469.000,354080
2025-12-11,6469.000,6578.000,6469.000,6505.000,307310
2025-12-12,6480.000,6525.000,6433.000,6442.000,245783
2025-12-15,6441.000,6541.000,6402.000,6487.000,223769
2025-12-16,6482.000,6521.000,6466.000,6513.000,151332
2025-12-17,6490.000,6509.000,6390.000,6404.000,325689
2025-12-18,6383.000,6445.000,6355.000,6385.000,316116
2025-12-19,6382.000,6439.000,6343.000,6402.000,340222
2025-12-22,6437.000,6543.000,6406.000,6540.000,385884
2025-12-23,6557.000,6613.000,6450.000,6509.000,445526
2025-12-24,6500.000,6628.000,6459.000,6598.000,460877
2025-12-25,6597.000,6645.000,6537.000,6638.000,337260
2025-12-26,6650.000,6790.000,6585.000,6787.000,449985
2025-12-29,6765.000,6818.000,6703.000,6737.000,450115
2025-12-30,6783.000,6843.000,6716.000,6781.000,328179
2025-12-31,6785.000,6862.000,6766.000,6791.000,300539
2026-01-05,6800.000,6830.000,6688.000,6739.000,269802
2026-01-06,6775.000,6820.000,6752.000,6811.000,255208
2026-01-07,6830.000,6875.000,6736.000,6828.000,340567
2026-01-08,6843.000,6890.000,6767.000,6807.000,366196
2026-01-09,6836.000,6903.000,6777.000,6895.000,331095
2026-01-12,6900.000,7112.000,6854.000,7074.000,507217
2026-01-13,7074.000,7099.000,6991.000,7028.000,352157
2026-01-14,7045.000,7157.000,7032.000,7116.000,347672
2026-01-15,7163.000,7192.000,7072.000,7103.000,301615
2026-01-16,7110.000,7240.000,7060.000,7178.000,538750
2026-01-19,7250.000,7367.000,7225.000,7348.000,384150
2026-01-20,7350.000,7350.000,7180.000,7248.000,340250
2026-01-21,7327.000,7506.000,7305.000,7340.000,721462
2026-01-22,7370.000,7696.000,7344.000,7694.000,981455
2026-01-23,7654.000,7850.000,7534.000,7708.000,1533070
2026-01-26,7750.000,7817.000,7636.000,7702.000,1006360
2026-01-27,7700.000,7715.000,7550.000,7649.000,949985
2026-01-28,7651.000,7876.000,7577.000,7785.000,980168
2026-01-29,7829.000,7919.000,7748.000,7913.000,910425
2026-01-30,7950.000,8027.000,7625.000,7714.000,1126398
2026-02-02,7775.000,7775.000,7394.000,7438.000,815340
2026-02-03,7452.000,7683.000,7452.000,7661.000,716053
2026-02-04,7690.000,7842.000,7670.000,7777.000,698161
2026-02-05,7808.000,7878.000,7641.000,7689.000,858820
2026-02-06,7615.000,7722.000,7588.000,7625.000,640235
2026-02-09,7603.000,7640.000,7414.000,7438.000,703453
2026-02-10,7433.000,7517.000,7337.000,7473.000,861459
2026-02-11,7465.000,7530.000,7392.000,7487.000,177083
2026-02-12,7510.000,7560.000,7426.000,7440.000,180260
2026-02-13,7400.000,7454.000,7323.000,7338.000,170776
2026-02-24,7500.000,7687.000,7486.000,7651.000,251826
2026-02-25,7645.000,7699.000,7555.000,7578.000,407910
2026-02-26,7575.000,7675.000,7545.000,7570.000,622477
2026-02-27,7540.000,7599.000,7474.000,7524.000,554087
2026-03-02,7598.000,7979.000,7509.000,7966.000,1072124
2026-03-03,7966.000,8163.000,7875.000,8081.000,1059462
2026-03-04,8190.000,8358.000,7972.000,8213.000,1158287
2026-03-05,8120.000,8659.000,8050.000,8656.000,1248518
2026-03-06,8706.000,8909.000,8672.000,8909.000,1485768
2026-03-09,9587.000,9587.000,9511.000,9587.000,132377
2026-03-10,10632.000,10632.000,8990.000,9915.000,2364949
2026-03-11,9999.000,10195.000,9226.000,9820.000,2187541
2026-03-12,10022.000,10785.000,9754.000,9926.000,2385494
2026-03-13,10150.000,10235.000,9671.000,10000.000,1674233
2026-03-16,9800.000,10370.000,9630.000,10146.000,1316900
2026-03-17,9900.000,10315.000,9650.000,10204.000,1006004
2026-03-18,10068.000,10220.000,9726.000,9968.000,793383
2026-03-19,10300.000,10630.000,10170.000,10221.000,585947
2026-03-20,10170.000,10306.000,9752.000,10151.000,523419
2026-03-23,10110.000,11132.000,10110.000,11070.000,835232
2026-03-24,10006.000,10583.000,10006.000,10242.000,888114
2026-03-25,10380.000,10419.000,9580.000,10105.000,760498
2026-03-26,10056.000,10150.000,9936.000,10046.000,520157
2026-03-27,10249.000,10660.000,10204.000,10624.000,968319
2026-03-30,10850.000,11100.000,10628.000,10789.000,890145
2026-03-31,10652.000,10920.000,10412.000,10597.000,791380
2026-04-01,10668.000,10668.000,9849.000,9856.000,885149
2026-04-02,10016.000,10495.000,9786.000,10331.000,802246
2026-04-03,10641.000,10730.000,10137.000,10596.000,728358
2026-04-07,10650.000,10874.000,10505.000,10669.000,446795
2026-04-08,10744.000,10744.000,9680.000,9915.000,647882
2026-04-09,9770.000,10317.000,9770.000,10171.000,536855
2026-04-10,10224.000,10270.000,9801.000,9943.000,492398
2026-04-13,9850.000,10220.000,9808.000,9971.000,412945
2026-04-14,9912.000,10038.000,9652.000,9880.000,487691
2026-04-15,9812.000,10060.000,9751.000,9953.000,420623
2026-04-16,10000.000,10031.000,9826.000,9928.000,272260
2026-04-17,9700.000,9858.000,9690.000,9748.000,112666
2026-04-20,9300.000,9743.000,9300.000,9666.000,173399
2026-04-21,9662.000,9668.000,9421.000,9525.000,156452
2026-04-22,9550.000,9733.000,9492.000,9630.000,165251
2026-04-23,9681.000,9886.000,9620.000,9867.000,297482
2026-04-24,9800.000,9963.000,9762.000,9785.000,229856
2026-04-27,9795.000,9908.000,9742.000,9853.000,200959
2026-04-28,9820.000,9900.000,9728.000,9881.000,219120
2026-04-29,9950.000,10098.000,9793.000,9845.000,300118
2026-04-30,9950.000,10056.000,9911.000,10018.000,247595
2026-05-06,9900.000,10041.000,9741.000,9873.000,231422
2026-05-07,9766.000,9770.000,9323.000,9372.000,355733
2026-05-08,9040.000,9257.000,9003.000,9059.000,183256
2026-05-11,9021.000,9445.000,9021.000,9379.000,265408
2026-05-12,9333.000,9379.000,9193.000,9283.000,197064
2026-05-13,9303.000,9303.000,9120.000,9164.000,242714
2026-05-14,9186.000,9197.000,8873.000,8950.000,346724
2026-05-15,8950.000,9265.000,8922.000,9231.000,467780
2026-05-18,9235.000,9435.000,9136.000,9364.000,364616
2026-05-19,9232.000,9409.000,9159.000,9359.000,409094
2026-05-20,9359.000,9513.000,9314.000,9336.000,406212
2026-05-21,9294.000,9473.000,9262.000,9388.000,403407
2026-05-22,9433.000,9452.000,9070.000,9284.000,530233
2026-05-25,9245.000,9352.000,8841.000,8968.000,584167
2026-05-26,8963.000,8968.000,8726.000,8779.000,455185
2026-05-27,8811.000,8881.000,8635.000,8730.000,416673
2026-05-28,8635.000,8860.000,8582.000,8774.000,451458
2026-05-29,8780.000,8896.000,8622.000,8699.000,458875
2026-06-01,8659.000,8835.000,8578.000,8758.000,435461
2026-06-02,8758.000,8862.000,8607.000,8698.000,477030
2026-06-03,8687.000,8995.000,8681.000,8860.000,519091
2026-06-04,8934.000,8934.000,8655.000,8661.000,363533
2026-06-05,8600.000,8755.000,8574.000,8686.000,330441
2026-06-08,8670.000,8880.000,8529.000,8873.000,538072
2026-06-09,8752.000,8779.000,8485.000,8510.000,453496
2026-06-10,8489.000,8699.000,8415.000,8476.000,472414
2026-06-11,8500.000,8685.000,8460.000,8630.000,491464
2026-06-12,8600.000,8654.000,8378.000,8483.000,447119
2026-06-15,8454.000,8534.000,8064.000,8173.000,524694
2026-06-16,8180.000,8180.000,7885.000,7928.000,377874
2026-06-17,7800.000,7925.000,7740.000,7798.000,295235
2026-06-18,7707.000,7827.000,7637.000,7716.000,254881
2026-06-22,7778.000,7799.000,7584.000,7686.000,239159
2026-06-23,7641.000,7713.000,7490.000,7535.000,415143
2026-06-24,7564.000,7588.000,7357.000,7384.000,379720
2026-06-25,7329.000,7380.000,7213.000,7297.000,479949
2026-06-26,7266.000,7417.000,7091.000,7117.000,522891
2026-06-29,7080.000,7290.000,7053.000,7249.000,413459
2026-06-30,7250.000,7386.000,7220.000,7324.000,395708
2026-07-01,7370.000,7445.000,7183.000,7191.000,371630
2026-07-02,7164.000,7319.000,7126.000,7232.000,376237
2026-07-03,7232.000,7415.000,7232.000,7362.000,340990
2026-07-06,7350.000,7420.000,7305.000,7337.000,285722
2026-07-07,7337.000,7517.000,7316.000,7511.000,318113
2026-07-08,7515.000,7873.000,7487.000,7776.000,596045
2026-07-09,7845.000,7910.000,7745.000,7815.000,480545
2026-07-10,7826.000,7903.000,7692.000,7776.000,523089
2026-07-13,7806.000,8096.000,7751.000,8022.000,532873
2026-07-14,8020.000,8481.000,7920.000,8449.000,750333
2026-07-15,8498.000,8562.000,8364.000,8519.000,563853
2026-07-16,8549.000,8657.000,8484.000,8593.000,642040
2026-07-17,8639.000,8766.000,8555.000,8595.000,577910
2026-07-20,8545.000,9008.000,8541.000,8966.000,368122
2026-07-21,8844.000,8860.000,8594.000,8665.000,334119
2026-07-22,8801.000,8853.000,8559.000,8738.000,446964
2026-07-23,8758.000,8950.000,8597.000,8944.000,637832
2026-07-24,9066.000,9078.000,8788.000,8850.000,770358
2026-07-27,8723.000,8892.000,8331.000,8388.000,688424
2026-07-28,8396.000,8450.000,8308.000,8331.000,518038
2026-07-29,8313.000,8574.000,8287.000,8501.000,459634
2026-07-30,8638.000,8682.000,8477.000,8618.000,497811
2026-07-31,8542.000,8589.000,8330.000,8385.000,451201
2026-08-03,8550.000,8600.000,8240.000,8359.000,473165
2026-08-04,8390.000,8580.000,8361.000,8448.000,402629
2026-08-05,8312.000,8393.000,8009.000,8057.000,621310
2026-08-06,8093.000,8142.000,7929.000,8133.000,519308
2026-08-07,8176.000,8277.000,8124.000,8271.000,391625
2026-08-10,8031.000,8202.000,8020.000,8115.000,225959
2026-08-11,8220.000,8317.000,8084.000,8298.000,294814
2026-08-12,8211.000,8278.000,8139.000,8208.000,257751
2026-08-13,8166.000,8294.000,8162.000,8267.000,278909
2026-08-14,8200.000,8405.000,8187.000,8393.000,495132
2026-08-17,8350.000,8603.000,8339.000,8545.000,513050
2026-08-18,8533.000,8688.000,8513.000,8630.000,575577
2026-08-19,8629.000,8753.000,8602.000,8681.000,556877
2026-08-20,8650.000,8726.000,8566.000,8703.000,618736
2026-08-21,8800.000,8820.000,8609.000,8768.000,657658
2026-08-24,8799.000,8880.000,8673.000,8760.000,703250
2026-08-25,8751.000,9207.000,8740.000,8888.000,1149706
2026-08-26,8754.000,8828.000,8441.000,8528.000,937367
2026-08-27,8500.000,8680.000,8485.000,8539.000,729089
2026-08-28,8633.000,8739.000,8570.000,8639.000,644918
2026-08-31,8625.000,9146.000,8619.000,9120.000,828643
2026-09-01,9140.000,9275.000,9099.000,9165.000,757676
2026-09-02,9225.000,9680.000,9154.000,9450.000,945554
2026-09-03,9380.000,9744.000,9332.000,9565.000,1076406
2026-09-04,9695.000,9810.000,9537.000,9612.000,1089047
2026-09-07,9530.000,9742.000,9435.000,9668.000,923814
2026-09-08,9660.000,9857.000,9523.000,9845.000,917046
2026-09-09,9804.000,9945.000,9625.000,9928.000,913840
